number,name_jp,name_en
#001,fushigidane - fushigidane (フシギダネ),bulbasaur
#002,fushigisou - fushigisou (フシギソウ),ivysaur
#003,fushigibana - fushigibana (フシギバナ),venusaur
#004,hitokage - hitokage (ヒトカゲ),charmander
#005,lizardo - rizaado (リザード),charmeleon
#006,lizardon - rizaadon (リザードン),charizard
#007,zenigame - zenigame (ゼニガメ),squirtle
#008,kameil - kameeru (カメール),wartortle
#009,kamex - kamekkusu (カメックス),blastoise
#010,caterpie - kyatapii (キャタピー),caterpie
#011,trancell - toranseru (トランセル),metapod
#012,butterfree - batafurii (バタフリー),butterfree
#013,beedle - biidoru (ビードル),weedle
#014,cocoon - kokuun (コクーン),kakuna
#015,spear - supiaa (スピアー),beedrill
#016,poppo - poppo (ポッポ),pidgey
#017,pigeon - pijon (ピジョン),pidgeotto
#018,pigeot - pijotto (ピジョット),pidgeot
#019,koratta - koratta (コラッタ),rattata
#020,ratta - ratta (ラッタ),raticate
#021,onisuzume - onisuzume (オニスズメ),spearow
#022,onidrill - onidoriru (オニドリル),fearow
#023,arbo - aabo (アーボ),ekans
#024,arbok - aabokku (アーボック),arbok
#025,pikachu - pikachuu (ピカチュウ),pikachu
#026,raichu - raichuu (ライチュウ),raichu
#027,sand - sando (サンド),sandshrew
#028,sandpan - sandopan (サンドパン),sandslash
#029,nidoran♀ - nidoran (ニドラン♀),nidoran-f
#030,nidorina - nidoriina (ニドリーナ),nidorina
#031,nidoqueen - nidokuin (ニドクイン),nidoqueen
#032,nidoran♂ - nidoran (ニドラン♂),nidoran-m
#033,nidorino - nidoriino (ニドリーノ),nidorino
#034,nidoking - nidokingu (ニドキング),nidoking
#035,pippi - pippi (ピッピ),clefairy
#036,pixy - pikushii (ピクシー),clefable
#037,rokon - rokon (ロコン),vulpix
#038,kyukon - kyuukon (キュウコン),ninetales
#039,purin - purin (プリン),jigglypuff
#040,pukurin - pukurin (プクリン),wigglytuff
#041,zubat - zubatto (ズバット),zubat
#042,golbat - gorubatto (ゴルバット),golbat
#043,nazonokusa - nazonokusa (ナゾノクサ),oddish
#044,kusaihana - kusaihana (クサイハナ),gloom
#045,ruffresia - rafureshia (ラフレシア),vileplume
#046,paras - parasu (パラス),paras
#047,parasect - parasekuto (パラセクト),parasect
#048,konpan - konpan (コンパン),venonat
#049,morphon - morufon (モルフォン),venomoth
#050,digda - diguda (ディグダ),diglett
#051,dugtrio - dagutorio (ダグトリオ),dugtrio
#052,nyarth - nyaasu (ニャース),meowth
#053,persian - perushian (ペルシアン),persian
#054,kodack - kodakku (コダック),psyduck
#055,golduck - gorudakku (ゴルダック),golduck
#056,mankey - mankii (マンキー),mankey
#057,okorizaru - okorizaru (オコリザル),primeape
#058,gardie - gaadi (ガーディ),growlithe
#059,windie - uindi (ウインディ),arcanine
#060,nyoromo - nyoromo (ニョロモ),poliwag
#061,nyorozo - nyorozo (ニョロゾ),poliwhirl
#062,nyorobon - nyorobon (ニョロボン),poliwrath
#063,casey - keeshii (ケーシィ),abra
#064,yungerer - yungeraa (ユンゲラー),kadabra
#065,foodin - fuudin (フーディン),alakazam
#066,wanriky - wanrikii (ワンリキー),machop
#067,goriky - goorikii (ゴーリキー),machoke
#068,kairiky - kairikii (カイリキー),machamp
#069,madatsubomi - madatsubomi (マダツボミ),bellsprout
#070,utsudon - utsudon (ウツドン),weepinbell
#071,utsubot - utsubotto (ウツボット),victreebel
#072,menokurage - menokurage (メノクラゲ),tentacool
#073,dokukurage - dokukurage (ドククラゲ),tentacruel
#074,ishitsubute - ishitsubute (イシツブテ),geodude
#075,goroone - goroon (ゴローン),graveler
#076,golonya - goroonya (ゴローニャ),golem
#077,ponyta - poniita (ポニータ),ponyta
#078,gallop - gyaroppu (ギャロップ),rapidash
#079,yadon - yadon (ヤドン),slowpoke
#080,yadoran - yadoran (ヤドラン),slowbro
#081,coil - koiru (コイル),magnemite
#082,rarecoil - reakoiru (レアコイル),magneton
#083,kamonegi - kamonegi (カモネギ),farfetchd
#084,dodo - doodoo (ドードー),doduo
#085,dodorio - doodorio (ドードリオ),dodrio
#086,pawou - pauwau (パウワウ),seel
#087,jugon - jugon (ジュゴン),dewgong
#088,betbeter - betobetaa (ベトベター),grimer
#089,betbeton - betobeton (ベトベトン),muk
#090,shellder - sherudaa (シェルダー),shellder
#091,parshen - parushen (パルシェン),cloyster
#092,ghos - goosu (ゴース),gastly
#093,ghost - goosuto (ゴースト),haunter
#094,gengar - gengaa (ゲンガー),gengar
#095,iwark - iwaaku (イワーク),onix
#096,sleep - suriipu (スリープ),drowzee
#097,sleeper - suriipaa (スリーパー),hypno
#098,crab - kurabu (クラブ),krabby
#099,kingler - kinguraa (キングラー),kingler
#100,biriridama - biriridama (ビリリダマ),voltorb
#101,marumine - marumain (マルマイン),electrode
#102,tamatama - tamatama (タマタマ),exeggcute
#103,nasshi - nasshii (ナッシー),exeggutor
#104,karakara - karakara (カラカラ),cubone
#105,garagara - garagara (ガラガラ),marowak
#106,sawamular - sawamuraa (サワムラー),hitmonlee
#107,ebiwalar - ebiwaraa (エビワラー),hitmonchan
#108,beroringa - beroringa (ベロリンガ),lickitung
#109,dogars - dogaasu (ドガース),koffing
#110,matadogas - matadogasu (マタドガス),weezing
#111,saihorn - saihoon (サイホーン),rhyhorn
#112,saidon - saidon (サイドン),rhydon
#113,lucky - rakkii (ラッキー),chansey
#114,monjara - monjara (モンジャラ),tangela
#115,garura - garuura (ガルーラ),kangaskhan
#116,tattsuu - tattsuu (タッツー),horsea
#117,seadra - shiidora (シードラ),seadra
#118,tosakinto - tosakinto (トサキント),goldeen
#119,azumaou - azumaou (アズマオウ),seaking
#120,hitodeman - hitodeman (ヒトデマン),staryu
#121,starmie - sutaamii (スターミー),starmie
#122,bariyaado - bariyaado (バリヤード),mr-mime
#123,strike - sutoraiku (ストライク),scyther
#124,rougela - ruujura (ルージュラ),jynx
#125,eleboo - erebuu (エレブー),electabuzz
#126,booba - buubaa (ブーバー),magmar
#127,kailios - kairosu (カイロス),pinsir
#128,kentauros - kentarosu (ケンタロス),tauros
#129,koiking - koikingu (コイキング),magikarp
#130,gyarados - gyaradosu (ギャラドス),gyarados
#131,laplace - rapurasu (ラプラス),lapras
#132,metamon - metamon (メタモン),ditto
#133,eievui - iibui (イーブイ),eevee
#134,showers - shawaazu (シャワーズ),vaporeon
#135,thunders - sandaasu (サンダース),jolteon
#136,booster - buusutaa (ブースター),flareon
#137,porygon - porigon (ポリゴン),porygon
#138,omnite - omunaito (オムナイト),omanyte
#139,omstar - omusutaa (オムスター),omastar
#140,kabuto - kabuto (カブト),kabuto
#141,kabutops - kabutopusu (カブトプス),kabutops
#142,ptera - putera (プテラ),aerodactyl
#143,kabigon - kabigon (カビゴン),snorlax
#144,freezer - furiizaa (フリーザー),articuno
#145,thunder - sandaa (サンダー),zapdos
#146,fire - faiyaa (ファイヤー),moltres
#147,miniryu - miniryuu (ミニリュウ),dratini
#148,hakuryu - hakuryuu (ハクリュー),dragonair
#149,kairyu - kairyuu (カイリュー),dragonite
#150,mewtwo - myuutsuu (ミュウツー),mewtwo
#151,mew - myuu (ミュウ),mew
